KEYWORDS,PULSARID,WEEK_TAG
presiden,0_87317_16_90d560ccac4ab7ef4c9a672e882b5266,from 2022-12-12 to 2022-12-18
jokowi,0_87317_16_90d560ccac4ab7ef4c9a672e882b5266,from 2022-12-12 to 2022-12-18
lantik,0_87317_16_90d560ccac4ab7ef4c9a672e882b5266,from 2022-12-12 to 2022-12-18
laksamana,0_87317_16_90d560ccac4ab7ef4c9a672e882b5266,from 2022-12-12 to 2022-12-18
yudo,0_87317_16_90d560ccac4ab7ef4c9a672e882b5266,from 2022-12-12 to 2022-12-18
margono,0_87317_16_90d560ccac4ab7ef4c9a672e882b5266,from 2022-12-12 to 2022-12-18
jadi,0_87317_16_90d560ccac4ab7ef4c9a672e882b5266,from 2022-12-12 to 2022-12-18
panglima,0_87317_16_90d560ccac4ab7ef4c9a672e882b5266,from 2022-12-12 to 2022-12-18
tni,0_87317_16_90d560ccac4ab7ef4c9a672e882b5266,from 2022-12-12 to 2022-12-18
hari,0_87317_16_90d560ccac4ab7ef4c9a672e882b5266,from 2022-12-12 to 2022-12-18
ini,0_87317_16_90d560ccac4ab7ef4c9a672e882b5266,from 2022-12-12 to 2022-12-18
russian,0_87317_126_t1_j0rjmu6,from 2022-12-12 to 2022-12-18
tank,0_87317_126_t1_j0rjmu6,from 2022-12-12 to 2022-12-18
unit,0_87317_126_t1_j0rjmu6,from 2022-12-12 to 2022-12-18
deliberately,0_87317_126_t1_j0rjmu6,from 2022-12-12 to 2022-12-18
attacked,0_87317_126_t1_j0rjmu6,from 2022-12-12 to 2022-12-18
russian,0_87317_126_t1_j0rjmu6,from 2022-12-12 to 2022-12-18
position,0_87317_126_t1_j0rjmu6,from 2022-12-12 to 2022-12-18
ukraine,0_87317_126_t1_j0rjmu6,from 2022-12-12 to 2022-12-18
report,0_87317_126_t1_j0rjmu6,from 2022-12-12 to 2022-12-18
illustrating,0_87317_126_t1_j0rjmu6,from 2022-12-12 to 2022-12-18
vicious,0_87317_126_t1_j0rjmu6,from 2022-12-12 to 2022-12-18
rivalries,0_87317_126_t1_j0rjmu6,from 2022-12-12 to 2022-12-18
within,0_87317_126_t1_j0rjmu6,from 2022-12-12 to 2022-12-18
putin's,0_87317_126_t1_j0rjmu6,from 2022-12-12 to 2022-12-18
army,0_87317_126_t1_j0rjmu6,from 2022-12-12 to 2022-12-18
russian,0_87317_126_t1_j0rgg2l,from 2022-12-12 to 2022-12-18
tank,0_87317_126_t1_j0rgg2l,from 2022-12-12 to 2022-12-18
unit,0_87317_126_t1_j0rgg2l,from 2022-12-12 to 2022-12-18
deliberately,0_87317_126_t1_j0rgg2l,from 2022-12-12 to 2022-12-18
attacked,0_87317_126_t1_j0rgg2l,from 2022-12-12 to 2022-12-18
russian,0_87317_126_t1_j0rgg2l,from 2022-12-12 to 2022-12-18
position,0_87317_126_t1_j0rgg2l,from 2022-12-12 to 2022-12-18
ukraine,0_87317_126_t1_j0rgg2l,from 2022-12-12 to 2022-12-18
report,0_87317_126_t1_j0rgg2l,from 2022-12-12 to 2022-12-18
illustrating,0_87317_126_t1_j0rgg2l,from 2022-12-12 to 2022-12-18
vicious,0_87317_126_t1_j0rgg2l,from 2022-12-12 to 2022-12-18
rivalries,0_87317_126_t1_j0rgg2l,from 2022-12-12 to 2022-12-18
within,0_87317_126_t1_j0rgg2l,from 2022-12-12 to 2022-12-18
putin's,0_87317_126_t1_j0rgg2l,from 2022-12-12 to 2022-12-18
army,0_87317_126_t1_j0rgg2l,from 2022-12-12 to 2022-12-18
masyarakat,0_87317_16_b0d2c47f0f54ad888db0b985002daf27,from 2022-12-12 to 2022-12-18
natuna,0_87317_16_b0d2c47f0f54ad888db0b985002daf27,from 2022-12-12 to 2022-12-18
diminta,0_87317_16_b0d2c47f0f54ad888db0b985002daf27,from 2022-12-12 to 2022-12-18
waspada,0_87317_16_b0d2c47f0f54ad888db0b985002daf27,from 2022-12-12 to 2022-12-18
ada,0_87317_16_b0d2c47f0f54ad888db0b985002daf27,from 2022-12-12 to 2022-12-18
potensi,0_87317_16_b0d2c47f0f54ad888db0b985002daf27,from 2022-12-12 to 2022-12-18
gelombang,0_87317_16_b0d2c47f0f54ad888db0b985002daf27,from 2022-12-12 to 2022-12-18
tinggi,0_87317_16_b0d2c47f0f54ad888db0b985002daf27,from 2022-12-12 to 2022-12-18
capai,0_87317_16_b0d2c47f0f54ad888db0b985002daf27,from 2022-12-12 to 2022-12-18
enam,0_87317_16_b0d2c47f0f54ad888db0b985002daf27,from 2022-12-12 to 2022-12-18
meter,0_87317_16_b0d2c47f0f54ad888db0b985002daf27,from 2022-12-12 to 2022-12-18
merdeka.com,0_87317_16_b0d2c47f0f54ad888db0b985002daf27,from 2022-12-12 to 2022-12-18
monsoon,0_87317_16_0fa601d5e3a8e191fcc635ffa22c6281,from 2022-12-12 to 2022-12-18
storms,0_87317_16_0fa601d5e3a8e191fcc635ffa22c6281,from 2022-12-12 to 2022-12-18
expected,0_87317_16_0fa601d5e3a8e191fcc635ffa22c6281,from 2022-12-12 to 2022-12-18
lash,0_87317_16_0fa601d5e3a8e191fcc635ffa22c6281,from 2022-12-12 to 2022-12-18
northern,0_87317_16_0fa601d5e3a8e191fcc635ffa22c6281,from 2022-12-12 to 2022-12-18
east,0_87317_16_0fa601d5e3a8e191fcc635ffa22c6281,from 2022-12-12 to 2022-12-18
coast,0_87317_16_0fa601d5e3a8e191fcc635ffa22c6281,from 2022-12-12 to 2022-12-18
states,0_87317_16_0fa601d5e3a8e191fcc635ffa22c6281,from 2022-12-12 to 2022-12-18
east,0_87317_16_0fa601d5e3a8e191fcc635ffa22c6281,from 2022-12-12 to 2022-12-18
sabah,0_87317_16_0fa601d5e3a8e191fcc635ffa22c6281,from 2022-12-12 to 2022-12-18
dec,0_87317_16_0fa601d5e3a8e191fcc635ffa22c6281,from 2022-12-12 to 2022-12-18
24,0_87317_16_0fa601d5e3a8e191fcc635ffa22c6281,from 2022-12-12 to 2022-12-18
minister,0_87317_16_0fa601d5e3a8e191fcc635ffa22c6281,from 2022-12-12 to 2022-12-18
floods,0_87317_16_dbb056939090718899be5c63319976d9,from 2022-12-12 to 2022-12-18
monsoon,0_87317_16_dbb056939090718899be5c63319976d9,from 2022-12-12 to 2022-12-18
storm,0_87317_16_dbb056939090718899be5c63319976d9,from 2022-12-12 to 2022-12-18
expected,0_87317_16_dbb056939090718899be5c63319976d9,from 2022-12-12 to 2022-12-18
continue,0_87317_16_dbb056939090718899be5c63319976d9,from 2022-12-12 to 2022-12-18
dec,0_87317_16_dbb056939090718899be5c63319976d9,from 2022-12-12 to 2022-12-18
24,0_87317_16_dbb056939090718899be5c63319976d9,from 2022-12-12 to 2022-12-18
floods,0_87317_16_5bf9788899869cf74d0fff30fd75ce3e,from 2022-12-12 to 2022-12-18
east,0_87317_16_5bf9788899869cf74d0fff30fd75ce3e,from 2022-12-12 to 2022-12-18
coast,0_87317_16_5bf9788899869cf74d0fff30fd75ce3e,from 2022-12-12 to 2022-12-18
states,0_87317_16_5bf9788899869cf74d0fff30fd75ce3e,from 2022-12-12 to 2022-12-18
experience,0_87317_16_5bf9788899869cf74d0fff30fd75ce3e,from 2022-12-12 to 2022-12-18
continuous,0_87317_16_5bf9788899869cf74d0fff30fd75ce3e,from 2022-12-12 to 2022-12-18
heavy,0_87317_16_5bf9788899869cf74d0fff30fd75ce3e,from 2022-12-12 to 2022-12-18
rain,0_87317_16_5bf9788899869cf74d0fff30fd75ce3e,from 2022-12-12 to 2022-12-18
dec,0_87317_16_5bf9788899869cf74d0fff30fd75ce3e,from 2022-12-12 to 2022-12-18
21,0_87317_16_5bf9788899869cf74d0fff30fd75ce3e,from 2022-12-12 to 2022-12-18
jumlah,0_87317_16_9f9051740ccc5089ade7f228a2f1122f,from 2022-12-12 to 2022-12-18
mangsa,0_87317_16_9f9051740ccc5089ade7f228a2f1122f,from 2022-12-12 to 2022-12-18
banjir,0_87317_16_9f9051740ccc5089ade7f228a2f1122f,from 2022-12-12 to 2022-12-18
meningkat,0_87317_16_9f9051740ccc5089ade7f228a2f1122f,from 2022-12-12 to 2022-12-18
kepada,0_87317_16_9f9051740ccc5089ade7f228a2f1122f,from 2022-12-12 to 2022-12-18
"5,385",0_87317_16_9f9051740ccc5089ade7f228a2f1122f,from 2022-12-12 to 2022-12-18
masyarakat,0_87317_16_648344ff33425bffc2bd5f3cf6ff0971,from 2022-12-12 to 2022-12-18
natuna,0_87317_16_648344ff33425bffc2bd5f3cf6ff0971,from 2022-12-12 to 2022-12-18
diminta,0_87317_16_648344ff33425bffc2bd5f3cf6ff0971,from 2022-12-12 to 2022-12-18
waspada,0_87317_16_648344ff33425bffc2bd5f3cf6ff0971,from 2022-12-12 to 2022-12-18
ada,0_87317_16_648344ff33425bffc2bd5f3cf6ff0971,from 2022-12-12 to 2022-12-18
potensi,0_87317_16_648344ff33425bffc2bd5f3cf6ff0971,from 2022-12-12 to 2022-12-18
gelombang,0_87317_16_648344ff33425bffc2bd5f3cf6ff0971,from 2022-12-12 to 2022-12-18
tinggi,0_87317_16_648344ff33425bffc2bd5f3cf6ff0971,from 2022-12-12 to 2022-12-18
capai,0_87317_16_648344ff33425bffc2bd5f3cf6ff0971,from 2022-12-12 to 2022-12-18
enam,0_87317_16_648344ff33425bffc2bd5f3cf6ff0971,from 2022-12-12 to 2022-12-18
meter,0_87317_16_648344ff33425bffc2bd5f3cf6ff0971,from 2022-12-12 to 2022-12-18
hours,0_87317_126_t1_j0qhyaw,from 2022-12-12 to 2022-12-18
ago,0_87317_126_t1_j0qhyaw,from 2022-12-12 to 2022-12-18
ufo,0_87317_126_t1_j0qhyaw,from 2022-12-12 to 2022-12-18
spotted,0_87317_126_t1_j0qhyaw,from 2022-12-12 to 2022-12-18
pangasinan,0_87317_126_t1_j0qhyaw,from 2022-12-12 to 2022-12-18
philippines,0_87317_126_t1_j0qhyaw,from 2022-12-12 to 2022-12-18
multiple,0_87317_126_t1_j0qhyaw,from 2022-12-12 to 2022-12-18
different,0_87317_126_t1_j0qhyaw,from 2022-12-12 to 2022-12-18
people,0_87317_126_t1_j0qhyaw,from 2022-12-12 to 2022-12-18
multiple,0_87317_126_t1_j0qhyaw,from 2022-12-12 to 2022-12-18
different,0_87317_126_t1_j0qhyaw,from 2022-12-12 to 2022-12-18
angles,0_87317_126_t1_j0qhyaw,from 2022-12-12 to 2022-12-18
clear,0_87317_126_t1_j0qhyaw,from 2022-12-12 to 2022-12-18
images,0_87317_126_t1_j0qhyaw,from 2022-12-12 to 2022-12-18
comments,0_87317_126_t1_j0qhyaw,from 2022-12-12 to 2022-12-18
@terje,0_87317_9_68669522200737412,from 2022-12-12 to 2022-12-18
oseberg,0_87317_9_68669522200737412,from 2022-12-12 to 2022-12-18
fckkk,0_87317_9_68669522200737412,from 2022-12-12 to 2022-12-18
confused,0_87317_9_68669522200737412,from 2022-12-12 to 2022-12-18
real,0_87317_9_68669522200737412,from 2022-12-12 to 2022-12-18
government,0_87317_9_68669522200737412,from 2022-12-12 to 2022-12-18
you've,0_87317_9_68669522200737412,from 2022-12-12 to 2022-12-18
kidding,0_87317_9_68669522200737412,from 2022-12-12 to 2022-12-18
right,0_87317_9_68669522200737412,from 2022-12-12 to 2022-12-18
kmt,0_87317_9_68669522200737412,from 2022-12-12 to 2022-12-18
far,0_87317_9_68669522200737412,from 2022-12-12 to 2022-12-18
worse,0_87317_9_68669522200737412,from 2022-12-12 to 2022-12-18
ccp,0_87317_9_68669522200737412,from 2022-12-12 to 2022-12-18
realistic,0_87317_9_68669522200737412,from 2022-12-12 to 2022-12-18
clearly,0_87317_9_68669522200737412,from 2022-12-12 to 2022-12-18
shhhttt,0_87317_9_68669522200737412,from 2022-12-12 to 2022-12-18
asia,0_87317_9_68669522200737412,from 2022-12-12 to 2022-12-18
let,0_87317_9_68669522200737412,from 2022-12-12 to 2022-12-18
educate,0_87317_9_68669522200737412,from 2022-12-12 to 2022-12-18
real,0_87317_9_68669522200737412,from 2022-12-12 to 2022-12-18
gubernment,0_87317_9_68669522200737412,from 2022-12-12 to 2022-12-18
defending,0_87317_9_68669522200737412,from 2022-12-12 to 2022-12-18
main,0_87317_9_68669522200737412,from 2022-12-12 to 2022-12-18
reason,0_87317_9_68669522200737412,from 2022-12-12 to 2022-12-18
asia,0_87317_9_68669522200737412,from 2022-12-12 to 2022-12-18
especially,0_87317_9_68669522200737412,from 2022-12-12 to 2022-12-18
ones,0_87317_9_68669522200737412,from 2022-12-12 to 2022-12-18
related,0_87317_9_68669522200737412,from 2022-12-12 to 2022-12-18
china,0_87317_9_68669522200737412,from 2022-12-12 to 2022-12-18
south,0_87317_9_68669522200737412,from 2022-12-12 to 2022-12-18
china,0_87317_9_68669522200737412,from 2022-12-12 to 2022-12-18
spratlys,0_87317_9_68669522200737412,from 2022-12-12 to 2022-12-18
islands,0_87317_9_68669522200737412,from 2022-12-12 to 2022-12-18
hell,0_87317_9_68669522200737412,from 2022-12-12 to 2022-12-18
tibet,0_87317_9_68669522200737412,from 2022-12-12 to 2022-12-18
kmt's,0_87317_9_68669522200737412,from 2022-12-12 to 2022-12-18
fcckery,0_87317_9_68669522200737412,from 2022-12-12 to 2022-12-18
power,0_87317_9_68669522200737412,from 2022-12-12 to 2022-12-18
kmt,0_87317_9_68669522200737412,from 2022-12-12 to 2022-12-18
original,0_87317_9_68669522200737412,from 2022-12-12 to 2022-12-18
11-dash,0_87317_9_68669522200737412,from 2022-12-12 to 2022-12-18
line,0_87317_9_68669522200737412,from 2022-12-12 to 2022-12-18
ccp,0_87317_9_68669522200737412,from 2022-12-12 to 2022-12-18
copied,0_87317_9_68669522200737412,from 2022-12-12 to 2022-12-18
decency,0_87317_9_68669522200737412,from 2022-12-12 to 2022-12-18
smaller,0_87317_9_68669522200737412,from 2022-12-12 to 2022-12-18
spite,0_87317_9_68669522200737412,from 2022-12-12 to 2022-12-18
kmt,0_87317_9_68669522200737412,from 2022-12-12 to 2022-12-18
fun,0_87317_9_68669522200737412,from 2022-12-12 to 2022-12-18
fact,0_87317_9_68669522200737412,from 2022-12-12 to 2022-12-18
taiwan,0_87317_9_68669522200737412,from 2022-12-12 to 2022-12-18
rule,0_87317_9_68669522200737412,from 2022-12-12 to 2022-12-18
constitution,0_87317_9_68669522200737412,from 2022-12-12 to 2022-12-18
tiny,0_87317_9_68669522200737412,from 2022-12-12 to 2022-12-18
country,0_87317_9_68669522200737412,from 2022-12-12 to 2022-12-18
defending,0_87317_9_68669522200737412,from 2022-12-12 to 2022-12-18
thinks,0_87317_9_68669522200737412,from 2022-12-12 to 2022-12-18
owns,0_87317_9_68669522200737412,from 2022-12-12 to 2022-12-18
entirety,0_87317_9_68669522200737412,from 2022-12-12 to 2022-12-18
south,0_87317_9_68669522200737412,from 2022-12-12 to 2022-12-18
china,0_87317_9_68669522200737412,from 2022-12-12 to 2022-12-18
legally,0_87317_9_68669522200737412,from 2022-12-12 to 2022-12-18
speaking,0_87317_9_68669522200737412,from 2022-12-12 to 2022-12-18
thinks,0_87317_9_68669522200737412,from 2022-12-12 to 2022-12-18
owns,0_87317_9_68669522200737412,from 2022-12-12 to 2022-12-18
vietnam,0_87317_9_68669522200737412,from 2022-12-12 to 2022-12-18
real,0_87317_9_68669522200737412,from 2022-12-12 to 2022-12-18
gubernment,0_87317_9_68669522200737412,from 2022-12-12 to 2022-12-18
started,0_87317_9_68669522200737412,from 2022-12-12 to 2022-12-18
mess,0_87317_9_68669522200737412,from 2022-12-12 to 2022-12-18
spratlys,0_87317_9_68669522200737412,from 2022-12-12 to 2022-12-18
place,0_87317_9_68669522200737412,from 2022-12-12 to 2022-12-18
started,0_87317_9_68669522200737412,from 2022-12-12 to 2022-12-18
claiming,0_87317_9_68669522200737412,from 2022-12-12 to 2022-12-18
china's,0_87317_9_68669522200737412,from 2022-12-12 to 2022-12-18
i.e,0_87317_9_68669522200737412,from 2022-12-12 to 2022-12-18
kmt,0_87317_9_68669522200737412,from 2022-12-12 to 2022-12-18
controlled,0_87317_9_68669522200737412,from 2022-12-12 to 2022-12-18
china,0_87317_9_68669522200737412,from 2022-12-12 to 2022-12-18
hell,0_87317_9_68669522200737412,from 2022-12-12 to 2022-12-18
country,0_87317_9_68669522200737412,from 2022-12-12 to 2022-12-18
went,0_87317_9_68669522200737412,from 2022-12-12 to 2022-12-18
icc,0_87317_9_68669522200737412,from 2022-12-12 to 2022-12-18
claim,0_87317_9_68669522200737412,from 2022-12-12 to 2022-12-18
scarborough,0_87317_9_68669522200737412,from 2022-12-12 to 2022-12-18
shoal,0_87317_9_68669522200737412,from 2022-12-12 to 2022-12-18
actually,0_87317_9_68669522200737412,from 2022-12-12 to 2022-12-18
countries,0_87317_9_68669522200737412,from 2022-12-12 to 2022-12-18
recognize,0_87317_9_68669522200737412,from 2022-12-12 to 2022-12-18
1st,0_87317_9_68669522200737412,from 2022-12-12 to 2022-12-18
course,0_87317_9_68669522200737412,from 2022-12-12 to 2022-12-18
ccp,0_87317_9_68669522200737412,from 2022-12-12 to 2022-12-18
china,0_87317_9_68669522200737412,from 2022-12-12 to 2022-12-18
ironically,0_87317_9_68669522200737412,from 2022-12-12 to 2022-12-18
taiwan,0_87317_9_68669522200737412,from 2022-12-12 to 2022-12-18
ruling,0_87317_9_68669522200737412,from 2022-12-12 to 2022-12-18
clearly,0_87317_9_68669522200737412,from 2022-12-12 to 2022-12-18
showed,0_87317_9_68669522200737412,from 2022-12-12 to 2022-12-18
contested,0_87317_9_68669522200737412,from 2022-12-12 to 2022-12-18
islands,0_87317_9_68669522200737412,from 2022-12-12 to 2022-12-18
clearly,0_87317_9_68669522200737412,from 2022-12-12 to 2022-12-18
taiwan,0_87317_9_68669522200737412,from 2022-12-12 to 2022-12-18
claims,0_87317_9_68669522200737412,from 2022-12-12 to 2022-12-18
spite,0_87317_9_68669522200737412,from 2022-12-12 to 2022-12-18
ruling,0_87317_9_68669522200737412,from 2022-12-12 to 2022-12-18
recognize,0_87317_9_68669522200737412,from 2022-12-12 to 2022-12-18
claims,0_87317_9_68669522200737412,from 2022-12-12 to 2022-12-18
clearly,0_87317_9_68669522200737412,from 2022-12-12 to 2022-12-18
lack,0_87317_9_68669522200737412,from 2022-12-12 to 2022-12-18
knowledge,0_87317_9_68669522200737412,from 2022-12-12 to 2022-12-18
history,0_87317_9_68669522200737412,from 2022-12-12 to 2022-12-18
try,0_87317_9_68669522200737412,from 2022-12-12 to 2022-12-18
include,0_87317_9_68669522200737412,from 2022-12-12 to 2022-12-18
fckkk,0_87317_9_68669522200737412,from 2022-12-12 to 2022-12-18
proper,0_87317_9_68669522200737412,from 2022-12-12 to 2022-12-18
research,0_87317_9_68669522200737412,from 2022-12-12 to 2022-12-18
dimwitted,0_87317_9_68669522200737412,from 2022-12-12 to 2022-12-18
uneducated,0_87317_9_68669522200737412,from 2022-12-12 to 2022-12-18
narrow-minded,0_87317_9_68669522200737412,from 2022-12-12 to 2022-12-18
fools,0_87317_9_68669522200737412,from 2022-12-12 to 2022-12-18
piss,0_87317_9_68669522200737412,from 2022-12-12 to 2022-12-18
element,0_87317_16_0d0a2bbd461e63a8faac000dd47fea00,from 2022-12-12 to 2022-12-18
discomfort,0_87317_16_0d0a2bbd461e63a8faac000dd47fea00,from 2022-12-12 to 2022-12-18
accepting,0_87317_16_0d0a2bbd461e63a8faac000dd47fea00,from 2022-12-12 to 2022-12-18
china's,0_87317_16_0d0a2bbd461e63a8faac000dd47fea00,from 2022-12-12 to 2022-12-18
hand,0_87317_16_0d0a2bbd461e63a8faac000dd47fea00,from 2022-12-12 to 2022-12-18
friendship,0_87317_16_0d0a2bbd461e63a8faac000dd47fea00,from 2022-12-12 to 2022-12-18
iseas,0_87317_16_0d0a2bbd461e63a8faac000dd47fea00,from 2022-12-12 to 2022-12-18
coordinator,0_87317_16_0d0a2bbd461e63a8faac000dd47fea00,from 2022-12-12 to 2022-12-18
feel,0_87317_126_t1_j0q2tum,from 2022-12-12 to 2022-12-18
old,0_87317_126_t1_j0q2tum,from 2022-12-12 to 2022-12-18
monsoon,0_87317_16_2ed44ea649d6b424db52b804f84be831,from 2022-12-12 to 2022-12-18
storms,0_87317_16_2ed44ea649d6b424db52b804f84be831,from 2022-12-12 to 2022-12-18
expected,0_87317_16_2ed44ea649d6b424db52b804f84be831,from 2022-12-12 to 2022-12-18
lash,0_87317_16_2ed44ea649d6b424db52b804f84be831,from 2022-12-12 to 2022-12-18
northern,0_87317_16_2ed44ea649d6b424db52b804f84be831,from 2022-12-12 to 2022-12-18
east,0_87317_16_2ed44ea649d6b424db52b804f84be831,from 2022-12-12 to 2022-12-18
coast,0_87317_16_2ed44ea649d6b424db52b804f84be831,from 2022-12-12 to 2022-12-18
states,0_87317_16_2ed44ea649d6b424db52b804f84be831,from 2022-12-12 to 2022-12-18
east,0_87317_16_2ed44ea649d6b424db52b804f84be831,from 2022-12-12 to 2022-12-18
sabah,0_87317_16_2ed44ea649d6b424db52b804f84be831,from 2022-12-12 to 2022-12-18
dec,0_87317_16_2ed44ea649d6b424db52b804f84be831,from 2022-12-12 to 2022-12-18
24,0_87317_16_2ed44ea649d6b424db52b804f84be831,from 2022-12-12 to 2022-12-18
minister,0_87317_16_2ed44ea649d6b424db52b804f84be831,from 2022-12-12 to 2022-12-18
monsoon,0_87317_16_6459dcf03bf4d56a192d3f8eaaea4c6b,from 2022-12-12 to 2022-12-18
storm,0_87317_16_6459dcf03bf4d56a192d3f8eaaea4c6b,from 2022-12-12 to 2022-12-18
expected,0_87317_16_6459dcf03bf4d56a192d3f8eaaea4c6b,from 2022-12-12 to 2022-12-18
continue,0_87317_16_6459dcf03bf4d56a192d3f8eaaea4c6b,from 2022-12-12 to 2022-12-18
dec,0_87317_16_6459dcf03bf4d56a192d3f8eaaea4c6b,from 2022-12-12 to 2022-12-18
24,0_87317_16_6459dcf03bf4d56a192d3f8eaaea4c6b,from 2022-12-12 to 2022-12-18
minister,0_87317_16_6459dcf03bf4d56a192d3f8eaaea4c6b,from 2022-12-12 to 2022-12-18
monsoon,0_87317_16_8a1e61709fab9b4b540bb66cdb4f5b84,from 2022-12-12 to 2022-12-18
storms,0_87317_16_8a1e61709fab9b4b540bb66cdb4f5b84,from 2022-12-12 to 2022-12-18
expected,0_87317_16_8a1e61709fab9b4b540bb66cdb4f5b84,from 2022-12-12 to 2022-12-18
lash,0_87317_16_8a1e61709fab9b4b540bb66cdb4f5b84,from 2022-12-12 to 2022-12-18
northern,0_87317_16_8a1e61709fab9b4b540bb66cdb4f5b84,from 2022-12-12 to 2022-12-18
east,0_87317_16_8a1e61709fab9b4b540bb66cdb4f5b84,from 2022-12-12 to 2022-12-18
coast,0_87317_16_8a1e61709fab9b4b540bb66cdb4f5b84,from 2022-12-12 to 2022-12-18
states,0_87317_16_8a1e61709fab9b4b540bb66cdb4f5b84,from 2022-12-12 to 2022-12-18
east,0_87317_16_8a1e61709fab9b4b540bb66cdb4f5b84,from 2022-12-12 to 2022-12-18
sabah,0_87317_16_8a1e61709fab9b4b540bb66cdb4f5b84,from 2022-12-12 to 2022-12-18
dec,0_87317_16_8a1e61709fab9b4b540bb66cdb4f5b84,from 2022-12-12 to 2022-12-18
24,0_87317_16_8a1e61709fab9b4b540bb66cdb4f5b84,from 2022-12-12 to 2022-12-18
minister,0_87317_16_8a1e61709fab9b4b540bb66cdb4f5b84,from 2022-12-12 to 2022-12-18
banjir,0_87317_15_27608886745423457,from 2022-12-12 to 2022-12-18
ribut,0_87317_15_27608886745423457,from 2022-12-12 to 2022-12-18
monsun,0_87317_15_27608886745423457,from 2022-12-12 to 2022-12-18
dijangka,0_87317_15_27608886745423457,from 2022-12-12 to 2022-12-18
berterusan,0_87317_15_27608886745423457,from 2022-12-12 to 2022-12-18
sehingga,0_87317_15_27608886745423457,from 2022-12-12 to 2022-12-18
24,0_87317_15_27608886745423457,from 2022-12-12 to 2022-12-18
help,0_87317_126_t1_j0pv3g1,from 2022-12-12 to 2022-12-18
decide,0_87317_126_t1_j0pv3g1,from 2022-12-12 to 2022-12-18
monsoon,0_87317_16_c105611dd90ef24b693f271585446ff7,from 2022-12-12 to 2022-12-18
storm,0_87317_16_c105611dd90ef24b693f271585446ff7,from 2022-12-12 to 2022-12-18
expected,0_87317_16_c105611dd90ef24b693f271585446ff7,from 2022-12-12 to 2022-12-18
continue,0_87317_16_c105611dd90ef24b693f271585446ff7,from 2022-12-12 to 2022-12-18
dec,0_87317_16_c105611dd90ef24b693f271585446ff7,from 2022-12-12 to 2022-12-18
24,0_87317_16_c105611dd90ef24b693f271585446ff7,from 2022-12-12 to 2022-12-18
malaysian,0_87317_16_c105611dd90ef24b693f271585446ff7,from 2022-12-12 to 2022-12-18
insight,0_87317_16_c105611dd90ef24b693f271585446ff7,from 2022-12-12 to 2022-12-18
floods,0_87317_16_44af1a92fda805c7a4db7f60ce8b06b2,from 2022-12-12 to 2022-12-18
monsoon,0_87317_16_44af1a92fda805c7a4db7f60ce8b06b2,from 2022-12-12 to 2022-12-18
storm,0_87317_16_44af1a92fda805c7a4db7f60ce8b06b2,from 2022-12-12 to 2022-12-18
expected,0_87317_16_44af1a92fda805c7a4db7f60ce8b06b2,from 2022-12-12 to 2022-12-18
continue,0_87317_16_44af1a92fda805c7a4db7f60ce8b06b2,from 2022-12-12 to 2022-12-18
dec,0_87317_16_44af1a92fda805c7a4db7f60ce8b06b2,from 2022-12-12 to 2022-12-18
24,0_87317_16_44af1a92fda805c7a4db7f60ce8b06b2,from 2022-12-12 to 2022-12-18
monsoon,0_87317_16_582d674fb8f6849056fbcf91b23ac093,from 2022-12-12 to 2022-12-18
storm,0_87317_16_582d674fb8f6849056fbcf91b23ac093,from 2022-12-12 to 2022-12-18
expected,0_87317_16_582d674fb8f6849056fbcf91b23ac093,from 2022-12-12 to 2022-12-18
continue,0_87317_16_582d674fb8f6849056fbcf91b23ac093,from 2022-12-12 to 2022-12-18
dec,0_87317_16_582d674fb8f6849056fbcf91b23ac093,from 2022-12-12 to 2022-12-18
24,0_87317_16_582d674fb8f6849056fbcf91b23ac093,from 2022-12-12 to 2022-12-18
japan's,0_87317_126_t1_j0ppgzo,from 2022-12-12 to 2022-12-18
claim,0_87317_126_t1_j0ppgzo,from 2022-12-12 to 2022-12-18
dokdo,0_87317_126_t1_j0ppgzo,from 2022-12-12 to 2022-12-18
viewed,0_87317_126_t1_j0ppgzo,from 2022-12-12 to 2022-12-18
standalone,0_87317_126_t1_j0ppgzo,from 2022-12-12 to 2022-12-18
issue,0_87317_126_t1_j0ppgzo,from 2022-12-12 to 2022-12-18
japan,0_87317_126_t1_j0ppgzo,from 2022-12-12 to 2022-12-18
luruan,0_87317_16_b97dafcaf7a584d7b2ad4e92176f87aa,from 2022-12-12 to 2022-12-18
monsun,0_87317_16_b97dafcaf7a584d7b2ad4e92176f87aa,from 2022-12-12 to 2022-12-18
dijangka,0_87317_16_b97dafcaf7a584d7b2ad4e92176f87aa,from 2022-12-12 to 2022-12-18
hingga,0_87317_16_b97dafcaf7a584d7b2ad4e92176f87aa,from 2022-12-12 to 2022-12-18
24,0_87317_16_b97dafcaf7a584d7b2ad4e92176f87aa,from 2022-12-12 to 2022-12-18
disember,0_87317_16_b97dafcaf7a584d7b2ad4e92176f87aa,from 2022-12-12 to 2022-12-18
kata,0_87317_16_b97dafcaf7a584d7b2ad4e92176f87aa,from 2022-12-12 to 2022-12-18
menteri,0_87317_16_b97dafcaf7a584d7b2ad4e92176f87aa,from 2022-12-12 to 2022-12-18
malaysian,0_87317_16_b97dafcaf7a584d7b2ad4e92176f87aa,from 2022-12-12 to 2022-12-18
insight,0_87317_16_b97dafcaf7a584d7b2ad4e92176f87aa,from 2022-12-12 to 2022-12-18
armizan,0_87317_26_5779393008842778,from 2022-12-12 to 2022-12-18
mohd,0_87317_26_5779393008842778,from 2022-12-12 to 2022-12-18
berkata,0_87317_26_5779393008842778,from 2022-12-12 to 2022-12-18
keadaan,0_87317_26_5779393008842778,from 2022-12-12 to 2022-12-18
itu,0_87317_26_5779393008842778,from 2022-12-12 to 2022-12-18
akan,0_87317_26_5779393008842778,from 2022-12-12 to 2022-12-18
menyebabkan,0_87317_26_5779393008842778,from 2022-12-12 to 2022-12-18
ombak,0_87317_26_5779393008842778,from 2022-12-12 to 2022-12-18
besar,0_87317_26_5779393008842778,from 2022-12-12 to 2022-12-18
perairan,0_87317_26_5779393008842778,from 2022-12-12 to 2022-12-18
laut,0_87317_26_5779393008842778,from 2022-12-12 to 2022-12-18
china,0_87317_26_5779393008842778,from 2022-12-12 to 2022-12-18
selatan,0_87317_26_5779393008842778,from 2022-12-12 to 2022-12-18
batik,0_87317_26_1366606577481848,from 2022-12-12 to 2022-12-18
mounts,0_87317_26_1366606577481848,from 2022-12-12 to 2022-12-18
extra,0_87317_26_1366606577481848,from 2022-12-12 to 2022-12-18
flights,0_87317_26_1366606577481848,from 2022-12-12 to 2022-12-18
meet,0_87317_26_1366606577481848,from 2022-12-12 to 2022-12-18
christmas,0_87317_26_1366606577481848,from 2022-12-12 to 2022-12-18
new,0_87317_26_1366606577481848,from 2022-12-12 to 2022-12-18
year,0_87317_26_1366606577481848,from 2022-12-12 to 2022-12-18
holiday,0_87317_26_1366606577481848,from 2022-12-12 to 2022-12-18
from/to,0_87317_26_1366606577481848,from 2022-12-12 to 2022-12-18
kuala,0_87317_26_1366606577481848,from 2022-12-12 to 2022-12-18
lumpur,0_87317_26_1366606577481848,from 2022-12-12 to 2022-12-18
kuching/kota,0_87317_26_1366606577481848,from 2022-12-12 to 2022-12-18
kinabalu,0_87317_26_1366606577481848,from 2022-12-12 to 2022-12-18
batik,0_87317_26_1366606577481848,from 2022-12-12 to 2022-12-18
mounting,0_87317_26_1366606577481848,from 2022-12-12 to 2022-12-18
21,0_87317_26_1366606577481848,from 2022-12-12 to 2022-12-18
extra,0_87317_26_1366606577481848,from 2022-12-12 to 2022-12-18
flights,0_87317_26_1366606577481848,from 2022-12-12 to 2022-12-18
22,0_87317_26_1366606577481848,from 2022-12-12 to 2022-12-18
december,0_87317_26_1366606577481848,from 2022-12-12 to 2022-12-18
2022,0_87317_26_1366606577481848,from 2022-12-12 to 2022-12-18
january,0_87317_26_1366606577481848,from 2022-12-12 to 2022-12-18
2023,0_87317_26_1366606577481848,from 2022-12-12 to 2022-12-18
kuching,0_87317_26_1366606577481848,from 2022-12-12 to 2022-12-18
kota,0_87317_26_1366606577481848,from 2022-12-12 to 2022-12-18
kinabalu,0_87317_26_1366606577481848,from 2022-12-12 to 2022-12-18
kuala,0_87317_26_1366606577481848,from 2022-12-12 to 2022-12-18
lumpur,0_87317_26_1366606577481848,from 2022-12-12 to 2022-12-18
international,0_87317_26_1366606577481848,from 2022-12-12 to 2022-12-18
airport,0_87317_26_1366606577481848,from 2022-12-12 to 2022-12-18
klia,0_87317_26_1366606577481848,from 2022-12-12 to 2022-12-18
forthcoming,0_87317_26_1366606577481848,from 2022-12-12 to 2022-12-18
christmas,0_87317_26_1366606577481848,from 2022-12-12 to 2022-12-18
new,0_87317_26_1366606577481848,from 2022-12-12 to 2022-12-18
year,0_87317_26_1366606577481848,from 2022-12-12 to 2022-12-18
holidays,0_87317_26_1366606577481848,from 2022-12-12 to 2022-12-18
miss,0_87317_26_1366606577481848,from 2022-12-12 to 2022-12-18
vacation,0_87317_26_1366606577481848,from 2022-12-12 to 2022-12-18
meeting,0_87317_26_1366606577481848,from 2022-12-12 to 2022-12-18
beloved,0_87317_26_1366606577481848,from 2022-12-12 to 2022-12-18
family,0_87317_26_1366606577481848,from 2022-12-12 to 2022-12-18
south,0_87317_26_1366606577481848,from 2022-12-12 to 2022-12-18
china,0_87317_26_1366606577481848,from 2022-12-12 to 2022-12-18
@batikair,0_87317_26_1366606577481848,from 2022-12-12 to 2022-12-18
japan's,0_87317_126_t1_j0pm7ek,from 2022-12-12 to 2022-12-18
claim,0_87317_126_t1_j0pm7ek,from 2022-12-12 to 2022-12-18
dokdo,0_87317_126_t1_j0pm7ek,from 2022-12-12 to 2022-12-18
viewed,0_87317_126_t1_j0pm7ek,from 2022-12-12 to 2022-12-18
standalone,0_87317_126_t1_j0pm7ek,from 2022-12-12 to 2022-12-18
issue,0_87317_126_t1_j0pm7ek,from 2022-12-12 to 2022-12-18
japan,0_87317_126_t1_j0pm7ek,from 2022-12-12 to 2022-12-18
pm,0_87317_16_3a2e8e7e14c07ba4456161cd52abd106,from 2022-12-12 to 2022-12-18
allocate,0_87317_16_3a2e8e7e14c07ba4456161cd52abd106,from 2022-12-12 to 2022-12-18
rm55.96b,0_87317_16_3a2e8e7e14c07ba4456161cd52abd106,from 2022-12-12 to 2022-12-18
govt,0_87317_16_3a2e8e7e14c07ba4456161cd52abd106,from 2022-12-12 to 2022-12-18
spending,0_87317_16_3a2e8e7e14c07ba4456161cd52abd106,from 2022-12-12 to 2022-12-18
civil,0_87317_16_3a2e8e7e14c07ba4456161cd52abd106,from 2022-12-12 to 2022-12-18
servant,0_87317_16_3a2e8e7e14c07ba4456161cd52abd106,from 2022-12-12 to 2022-12-18
salaries,0_87317_16_3a2e8e7e14c07ba4456161cd52abd106,from 2022-12-12 to 2022-12-18
skeledirge,0_87317_126_t1_j0pk1z0,from 2022-12-12 to 2022-12-18
chinese,0_87317_126_t1_j0pk1z0,from 2022-12-12 to 2022-12-18
zodiac,0_87317_126_t1_j0pk1z0,from 2022-12-12 to 2022-12-18
unidentified,0_87317_126_t1_j0pifga,from 2022-12-12 to 2022-12-18
captured,0_87317_126_t1_j0pifga,from 2022-12-12 to 2022-12-18
philippines,0_87317_126_t1_j0pifga,from 2022-12-12 to 2022-12-18
pangasinan,0_87317_126_t1_j0pifga,from 2022-12-12 to 2022-12-18
banjir,0_87317_26_635730781888948,from 2022-12-12 to 2022-12-18
77,0_87317_26_635730781888948,from 2022-12-12 to 2022-12-18
pps,0_87317_26_635730781888948,from 2022-12-12 to 2022-12-18
lima,0_87317_26_635730781888948,from 2022-12-12 to 2022-12-18
negeri,0_87317_26_635730781888948,from 2022-12-12 to 2022-12-18
jadi,0_87317_26_635730781888948,from 2022-12-12 to 2022-12-18
tempat,0_87317_26_635730781888948,from 2022-12-12 to 2022-12-18
berlindung,0_87317_26_635730781888948,from 2022-12-12 to 2022-12-18
"5,385",0_87317_26_635730781888948,from 2022-12-12 to 2022-12-18
penduduk,0_87317_26_635730781888948,from 2022-12-12 to 2022-12-18
putrajaya,0_87317_26_635730781888948,from 2022-12-12 to 2022-12-18
seramai,0_87317_26_635730781888948,from 2022-12-12 to 2022-12-18
"5,385",0_87317_26_635730781888948,from 2022-12-12 to 2022-12-18
mangsa,0_87317_26_635730781888948,from 2022-12-12 to 2022-12-18
banjir,0_87317_26_635730781888948,from 2022-12-12 to 2022-12-18
daripada,0_87317_26_635730781888948,from 2022-12-12 to 2022-12-18
"1,551",0_87317_26_635730781888948,from 2022-12-12 to 2022-12-18
keluarga,0_87317_26_635730781888948,from 2022-12-12 to 2022-12-18
kini,0_87317_26_635730781888948,from 2022-12-12 to 2022-12-18
ditempatkan,0_87317_26_635730781888948,from 2022-12-12 to 2022-12-18
77,0_87317_26_635730781888948,from 2022-12-12 to 2022-12-18
buah,0_87317_26_635730781888948,from 2022-12-12 to 2022-12-18
pusat,0_87317_26_635730781888948,from 2022-12-12 to 2022-12-18
pemindahan,0_87317_26_635730781888948,from 2022-12-12 to 2022-12-18
sementara,0_87317_26_635730781888948,from 2022-12-12 to 2022-12-18
pps,0_87317_26_635730781888948,from 2022-12-12 to 2022-12-18
17,0_87317_26_635730781888948,from 2022-12-12 to 2022-12-18
daerah,0_87317_26_635730781888948,from 2022-12-12 to 2022-12-18
melibatkan,0_87317_26_635730781888948,from 2022-12-12 to 2022-12-18
lima,0_87317_26_635730781888948,from 2022-12-12 to 2022-12-18
negeri,0_87317_26_635730781888948,from 2022-12-12 to 2022-12-18
iaitu,0_87317_26_635730781888948,from 2022-12-12 to 2022-12-18
perak,0_87317_26_635730781888948,from 2022-12-12 to 2022-12-18
kelantan,0_87317_26_635730781888948,from 2022-12-12 to 2022-12-18
terengganu,0_87317_26_635730781888948,from 2022-12-12 to 2022-12-18
pahang,0_87317_26_635730781888948,from 2022-12-12 to 2022-12-18
johor,0_87317_26_635730781888948,from 2022-12-12 to 2022-12-18
setakat,0_87317_26_635730781888948,from 2022-12-12 to 2022-12-18
pukul,0_87317_26_635730781888948,from 2022-12-12 to 2022-12-18
petang,0_87317_26_635730781888948,from 2022-12-12 to 2022-12-18
tadi,0_87317_26_635730781888948,from 2022-12-12 to 2022-12-18
menteri,0_87317_26_635730781888948,from 2022-12-12 to 2022-12-18
jabatan,0_87317_26_635730781888948,from 2022-12-12 to 2022-12-18
perdana,0_87317_26_635730781888948,from 2022-12-12 to 2022-12-18
menteri,0_87317_26_635730781888948,from 2022-12-12 to 2022-12-18
hal,0_87317_26_635730781888948,from 2022-12-12 to 2022-12-18
ehwal,0_87317_26_635730781888948,from 2022-12-12 to 2022-12-18
sabah,0_87317_26_635730781888948,from 2022-12-12 to 2022-12-18
sarawak,0_87317_26_635730781888948,from 2022-12-12 to 2022-12-18
tugas-tugas,0_87317_26_635730781888948,from 2022-12-12 to 2022-12-18
khas,0_87317_26_635730781888948,from 2022-12-12 to 2022-12-18
datuk,0_87317_26_635730781888948,from 2022-12-12 to 2022-12-18
armizan,0_87317_26_635730781888948,from 2022-12-12 to 2022-12-18
mohd,0_87317_26_635730781888948,from 2022-12-12 to 2022-12-18
berkata,0_87317_26_635730781888948,from 2022-12-12 to 2022-12-18
pusat,0_87317_26_635730781888948,from 2022-12-12 to 2022-12-18
kawalan,0_87317_26_635730781888948,from 2022-12-12 to 2022-12-18
operasi,0_87317_26_635730781888948,from 2022-12-12 to 2022-12-18
bencana,0_87317_26_635730781888948,from 2022-12-12 to 2022-12-18
pkob,0_87317_26_635730781888948,from 2022-12-12 to 2022-12-18
pusat,0_87317_26_635730781888948,from 2022-12-12 to 2022-12-18
yang,0_87317_26_635730781888948,from 2022-12-12 to 2022-12-18
diselaraskan,0_87317_26_635730781888948,from 2022-12-12 to 2022-12-18
oleh,0_87317_26_635730781888948,from 2022-12-12 to 2022-12-18
agensi,0_87317_26_635730781888948,from 2022-12-12 to 2022-12-18
pengurusan,0_87317_26_635730781888948,from 2022-12-12 to 2022-12-18
bencana,0_87317_26_635730781888948,from 2022-12-12 to 2022-12-18
negara,0_87317_26_635730781888948,from 2022-12-12 to 2022-12-18
nadma,0_87317_26_635730781888948,from 2022-12-12 to 2022-12-18
telah,0_87317_26_635730781888948,from 2022-12-12 to 2022-12-18
mula,0_87317_26_635730781888948,from 2022-12-12 to 2022-12-18
diaktifkan,0_87317_26_635730781888948,from 2022-12-12 to 2022-12-18
sejak,0_87317_26_635730781888948,from 2022-12-12 to 2022-12-18
awal,0_87317_26_635730781888948,from 2022-12-12 to 2022-12-18
pagi,0_87317_26_635730781888948,from 2022-12-12 to 2022-12-18
tadi,0_87317_26_635730781888948,from 2022-12-12 to 2022-12-18
semua,0_87317_26_635730781888948,from 2022-12-12 to 2022-12-18
pkob,0_87317_26_635730781888948,from 2022-12-12 to 2022-12-18
negeri,0_87317_26_635730781888948,from 2022-12-12 to 2022-12-18
juga,0_87317_26_635730781888948,from 2022-12-12 to 2022-12-18
telah,0_87317_26_635730781888948,from 2022-12-12 to 2022-12-18
diminta,0_87317_26_635730781888948,from 2022-12-12 to 2022-12-18
untuk,0_87317_26_635730781888948,from 2022-12-12 to 2022-12-18
memaklumkan,0_87317_26_635730781888948,from 2022-12-12 to 2022-12-18
kepada,0_87317_26_635730781888948,from 2022-12-12 to 2022-12-18
pkob,0_87317_26_635730781888948,from 2022-12-12 to 2022-12-18
pusat,0_87317_26_635730781888948,from 2022-12-12 to 2022-12-18
berhubung,0_87317_26_635730781888948,from 2022-12-12 to 2022-12-18
sebarang,0_87317_26_635730781888948,from 2022-12-12 to 2022-12-18
keperluan,0_87317_26_635730781888948,from 2022-12-12 to 2022-12-18
isu,0_87317_26_635730781888948,from 2022-12-12 to 2022-12-18
yang,0_87317_26_635730781888948,from 2022-12-12 to 2022-12-18
memerlukan,0_87317_26_635730781888948,from 2022-12-12 to 2022-12-18
intervensi,0_87317_26_635730781888948,from 2022-12-12 to 2022-12-18
segera,0_87317_26_635730781888948,from 2022-12-12 to 2022-12-18
bagi,0_87317_26_635730781888948,from 2022-12-12 to 2022-12-18
memastikan,0_87317_26_635730781888948,from 2022-12-12 to 2022-12-18
pengurusan,0_87317_26_635730781888948,from 2022-12-12 to 2022-12-18
tindak,0_87317_26_635730781888948,from 2022-12-12 to 2022-12-18
balas,0_87317_26_635730781888948,from 2022-12-12 to 2022-12-18
berjalan,0_87317_26_635730781888948,from 2022-12-12 to 2022-12-18
lancar,0_87317_26_635730781888948,from 2022-12-12 to 2022-12-18
menurut,0_87317_26_635730781888948,from 2022-12-12 to 2022-12-18
laporan,0_87317_26_635730781888948,from 2022-12-12 to 2022-12-18
yang,0_87317_26_635730781888948,from 2022-12-12 to 2022-12-18
diterima,0_87317_26_635730781888948,from 2022-12-12 to 2022-12-18
oleh,0_87317_26_635730781888948,from 2022-12-12 to 2022-12-18
nadma,0_87317_26_635730781888948,from 2022-12-12 to 2022-12-18
daripada,0_87317_26_635730781888948,from 2022-12-12 to 2022-12-18
jabatan,0_87317_26_635730781888948,from 2022-12-12 to 2022-12-18
meteorologi,0_87317_26_635730781888948,from 2022-12-12 to 2022-12-18
malaysia,0_87317_26_635730781888948,from 2022-12-12 to 2022-12-18
metmalaysia,0_87317_26_635730781888948,from 2022-12-12 to 2022-12-18
pada,0_87317_26_635730781888948,from 2022-12-12 to 2022-12-18
pukul,0_87317_26_635730781888948,from 2022-12-12 to 2022-12-18
2.30,0_87317_26_635730781888948,from 2022-12-12 to 2022-12-18
petang,0_87317_26_635730781888948,from 2022-12-12 to 2022-12-18
tadi,0_87317_26_635730781888948,from 2022-12-12 to 2022-12-18
luruan,0_87317_26_635730781888948,from 2022-12-12 to 2022-12-18
monsun,0_87317_26_635730781888948,from 2022-12-12 to 2022-12-18
yang,0_87317_26_635730781888948,from 2022-12-12 to 2022-12-18
sedang,0_87317_26_635730781888948,from 2022-12-12 to 2022-12-18
berlaku,0_87317_26_635730781888948,from 2022-12-12 to 2022-12-18
dijangka,0_87317_26_635730781888948,from 2022-12-12 to 2022-12-18
akan,0_87317_26_635730781888948,from 2022-12-12 to 2022-12-18
berterusan,0_87317_26_635730781888948,from 2022-12-12 to 2022-12-18
sehingga,0_87317_26_635730781888948,from 2022-12-12 to 2022-12-18
24,0_87317_26_635730781888948,from 2022-12-12 to 2022-12-18
disember,0_87317_26_635730781888948,from 2022-12-12 to 2022-12-18
ini,0_87317_26_635730781888948,from 2022-12-12 to 2022-12-18
katanya,0_87317_26_635730781888948,from 2022-12-12 to 2022-12-18
menerusi,0_87317_26_635730781888948,from 2022-12-12 to 2022-12-18
satu,0_87317_26_635730781888948,from 2022-12-12 to 2022-12-18
kenyataan,0_87317_26_635730781888948,from 2022-12-12 to 2022-12-18
hari,0_87317_26_635730781888948,from 2022-12-12 to 2022-12-18
ini,0_87317_26_635730781888948,from 2022-12-12 to 2022-12-18
jelas,0_87317_26_635730781888948,from 2022-12-12 to 2022-12-18
beliau,0_87317_26_635730781888948,from 2022-12-12 to 2022-12-18
fenomena,0_87317_26_635730781888948,from 2022-12-12 to 2022-12-18
tersebut,0_87317_26_635730781888948,from 2022-12-12 to 2022-12-18
berpotensi,0_87317_26_635730781888948,from 2022-12-12 to 2022-12-18
membawa,0_87317_26_635730781888948,from 2022-12-12 to 2022-12-18
angin,0_87317_26_635730781888948,from 2022-12-12 to 2022-12-18
kencang,0_87317_26_635730781888948,from 2022-12-12 to 2022-12-18
ombak,0_87317_26_635730781888948,from 2022-12-12 to 2022-12-18
besar,0_87317_26_635730781888948,from 2022-12-12 to 2022-12-18
hujan,0_87317_26_635730781888948,from 2022-12-12 to 2022-12-18
berterusan,0_87317_26_635730781888948,from 2022-12-12 to 2022-12-18
negeri-negeri,0_87317_26_635730781888948,from 2022-12-12 to 2022-12-18
utara,0_87317_26_635730781888948,from 2022-12-12 to 2022-12-18
timur,0_87317_26_635730781888948,from 2022-12-12 to 2022-12-18
semenanjung,0_87317_26_635730781888948,from 2022-12-12 to 2022-12-18
timur,0_87317_26_635730781888948,from 2022-12-12 to 2022-12-18
sabah,0_87317_26_635730781888948,from 2022-12-12 to 2022-12-18
serta,0_87317_26_635730781888948,from 2022-12-12 to 2022-12-18
angin,0_87317_26_635730781888948,from 2022-12-12 to 2022-12-18
kencang,0_87317_26_635730781888948,from 2022-12-12 to 2022-12-18
ombak,0_87317_26_635730781888948,from 2022-12-12 to 2022-12-18
besar,0_87317_26_635730781888948,from 2022-12-12 to 2022-12-18
perairan,0_87317_26_635730781888948,from 2022-12-12 to 2022-12-18
laut,0_87317_26_635730781888948,from 2022-12-12 to 2022-12-18
china,0_87317_26_635730781888948,from 2022-12-12 to 2022-12-18
selatan,0_87317_26_635730781888948,from 2022-12-12 to 2022-12-18
susulan,0_87317_26_635730781888948,from 2022-12-12 to 2022-12-18
itu,0_87317_26_635730781888948,from 2022-12-12 to 2022-12-18
metmalaysia,0_87317_26_635730781888948,from 2022-12-12 to 2022-12-18
telah,0_87317_26_635730781888948,from 2022-12-12 to 2022-12-18
mengeluarkan,0_87317_26_635730781888948,from 2022-12-12 to 2022-12-18
amaran,0_87317_26_635730781888948,from 2022-12-12 to 2022-12-18
hujan,0_87317_26_635730781888948,from 2022-12-12 to 2022-12-18
berterusan,0_87317_26_635730781888948,from 2022-12-12 to 2022-12-18
yang,0_87317_26_635730781888948,from 2022-12-12 to 2022-12-18
melibatkan,0_87317_26_635730781888948,from 2022-12-12 to 2022-12-18
perlis,0_87317_26_635730781888948,from 2022-12-12 to 2022-12-18
kedah,0_87317_26_635730781888948,from 2022-12-12 to 2022-12-18
pulau,0_87317_26_635730781888948,from 2022-12-12 to 2022-12-18
pinang,0_87317_26_635730781888948,from 2022-12-12 to 2022-12-18
perak,0_87317_26_635730781888948,from 2022-12-12 to 2022-12-18
kelantan,0_87317_26_635730781888948,from 2022-12-12 to 2022-12-18
terengganu,0_87317_26_635730781888948,from 2022-12-12 to 2022-12-18
pahang,0_87317_26_635730781888948,from 2022-12-12 to 2022-12-18
johor,0_87317_26_635730781888948,from 2022-12-12 to 2022-12-18
sehingga,0_87317_26_635730781888948,from 2022-12-12 to 2022-12-18
21,0_87317_26_635730781888948,from 2022-12-12 to 2022-12-18
disember,0_87317_26_635730781888948,from 2022-12-12 to 2022-12-18
ini,0_87317_26_635730781888948,from 2022-12-12 to 2022-12-18
manakala,0_87317_26_635730781888948,from 2022-12-12 to 2022-12-18
amaran,0_87317_26_635730781888948,from 2022-12-12 to 2022-12-18
angin,0_87317_26_635730781888948,from 2022-12-12 to 2022-12-18
kencang,0_87317_26_635730781888948,from 2022-12-12 to 2022-12-18
laut,0_87317_26_635730781888948,from 2022-12-12 to 2022-12-18
bergelora,0_87317_26_635730781888948,from 2022-12-12 to 2022-12-18
bagi,0_87317_26_635730781888948,from 2022-12-12 to 2022-12-18
perairan,0_87317_26_635730781888948,from 2022-12-12 to 2022-12-18
laut,0_87317_26_635730781888948,from 2022-12-12 to 2022-12-18
china,0_87317_26_635730781888948,from 2022-12-12 to 2022-12-18
selatan,0_87317_26_635730781888948,from 2022-12-12 to 2022-12-18
pula,0_87317_26_635730781888948,from 2022-12-12 to 2022-12-18
dijangka,0_87317_26_635730781888948,from 2022-12-12 to 2022-12-18
berlaku,0_87317_26_635730781888948,from 2022-12-12 to 2022-12-18
sehingga,0_87317_26_635730781888948,from 2022-12-12 to 2022-12-18
22,0_87317_26_635730781888948,from 2022-12-12 to 2022-12-18
disember,0_87317_26_635730781888948,from 2022-12-12 to 2022-12-18
dalam,0_87317_26_635730781888948,from 2022-12-12 to 2022-12-18
pada,0_87317_26_635730781888948,from 2022-12-12 to 2022-12-18
itu,0_87317_26_635730781888948,from 2022-12-12 to 2022-12-18
jabatan,0_87317_26_635730781888948,from 2022-12-12 to 2022-12-18
kerja,0_87317_26_635730781888948,from 2022-12-12 to 2022-12-18
raya,0_87317_26_635730781888948,from 2022-12-12 to 2022-12-18
jkr,0_87317_26_635730781888948,from 2022-12-12 to 2022-12-18
pada,0_87317_26_635730781888948,from 2022-12-12 to 2022-12-18
pukul,0_87317_26_635730781888948,from 2022-12-12 to 2022-12-18
petang,0_87317_26_635730781888948,from 2022-12-12 to 2022-12-18
tadi,0_87317_26_635730781888948,from 2022-12-12 to 2022-12-18
telah,0_87317_26_635730781888948,from 2022-12-12 to 2022-12-18
melaporkan,0_87317_26_635730781888948,from 2022-12-12 to 2022-12-18
terdapat,0_87317_26_635730781888948,from 2022-12-12 to 2022-12-18
51,0_87317_26_635730781888948,from 2022-12-12 to 2022-12-18
lokasi,0_87317_26_635730781888948,from 2022-12-12 to 2022-12-18
banjir,0_87317_26_635730781888948,from 2022-12-12 to 2022-12-18
mengalami,0_87317_26_635730781888948,from 2022-12-12 to 2022-12-18
kejadian,0_87317_26_635730781888948,from 2022-12-12 to 2022-12-18
cerun,0_87317_26_635730781888948,from 2022-12-12 to 2022-12-18
atau,0_87317_26_635730781888948,from 2022-12-12 to 2022-12-18
jalan,0_87317_26_635730781888948,from 2022-12-12 to 2022-12-18
runtuh,0_87317_26_635730781888948,from 2022-12-12 to 2022-12-18
mendap,0_87317_26_635730781888948,from 2022-12-12 to 2022-12-18
serta,0_87317_26_635730781888948,from 2022-12-12 to 2022-12-18
kerosakkan,0_87317_26_635730781888948,from 2022-12-12 to 2022-12-18
jambatan,0_87317_26_635730781888948,from 2022-12-12 to 2022-12-18
ujar,0_87317_26_635730781888948,from 2022-12-12 to 2022-12-18
beliau,0_87317_26_635730781888948,from 2022-12-12 to 2022-12-18
armizan,0_87317_26_635730781888948,from 2022-12-12 to 2022-12-18
berkata,0_87317_26_635730781888948,from 2022-12-12 to 2022-12-18
kejadian-kejadian,0_87317_26_635730781888948,from 2022-12-12 to 2022-12-18
tersebut,0_87317_26_635730781888948,from 2022-12-12 to 2022-12-18
telah,0_87317_26_635730781888948,from 2022-12-12 to 2022-12-18
berlaku,0_87317_26_635730781888948,from 2022-12-12 to 2022-12-18
empat,0_87317_26_635730781888948,from 2022-12-12 to 2022-12-18
daerah,0_87317_26_635730781888948,from 2022-12-12 to 2022-12-18
kedah,0_87317_26_635730781888948,from 2022-12-12 to 2022-12-18
satu,0_87317_26_635730781888948,from 2022-12-12 to 2022-12-18
perak,0_87317_26_635730781888948,from 2022-12-12 to 2022-12-18
satu,0_87317_26_635730781888948,from 2022-12-12 to 2022-12-18
selangor,0_87317_26_635730781888948,from 2022-12-12 to 2022-12-18
empat,0_87317_26_635730781888948,from 2022-12-12 to 2022-12-18
daerah,0_87317_26_635730781888948,from 2022-12-12 to 2022-12-18
negeri,0_87317_26_635730781888948,from 2022-12-12 to 2022-12-18
sembilan,0_87317_26_635730781888948,from 2022-12-12 to 2022-12-18
16,0_87317_26_635730781888948,from 2022-12-12 to 2022-12-18
daerah,0_87317_26_635730781888948,from 2022-12-12 to 2022-12-18
kelantan,0_87317_26_635730781888948,from 2022-12-12 to 2022-12-18
18,0_87317_26_635730781888948,from 2022-12-12 to 2022-12-18
daerah,0_87317_26_635730781888948,from 2022-12-12 to 2022-12-18
terengganu,0_87317_26_635730781888948,from 2022-12-12 to 2022-12-18
empat,0_87317_26_635730781888948,from 2022-12-12 to 2022-12-18
pahang,0_87317_26_635730781888948,from 2022-12-12 to 2022-12-18
tiga,0_87317_26_635730781888948,from 2022-12-12 to 2022-12-18
johor,0_87317_26_635730781888948,from 2022-12-12 to 2022-12-18
yang,0_87317_26_635730781888948,from 2022-12-12 to 2022-12-18
melibatkan,0_87317_26_635730781888948,from 2022-12-12 to 2022-12-18
18,0_87317_26_635730781888948,from 2022-12-12 to 2022-12-18
jalan,0_87317_26_635730781888948,from 2022-12-12 to 2022-12-18
persekutuan,0_87317_26_635730781888948,from 2022-12-12 to 2022-12-18
serta,0_87317_26_635730781888948,from 2022-12-12 to 2022-12-18
33,0_87317_26_635730781888948,from 2022-12-12 to 2022-12-18
jalan,0_87317_26_635730781888948,from 2022-12-12 to 2022-12-18
negeri,0_87317_26_635730781888948,from 2022-12-12 to 2022-12-18
kosmo,0_87317_26_635730781888948,from 2022-12-12 to 2022-12-18
online,0_87317_26_635730781888948,from 2022-12-12 to 2022-12-18
oleh,0_87317_26_635730781888948,from 2022-12-12 to 2022-12-18
eddy,0_87317_26_635730781888948,from 2022-12-12 to 2022-12-18
aqmal,0_87317_26_635730781888948,from 2022-12-12 to 2022-12-18
mohamed,0_87317_26_635730781888948,from 2022-12-12 to 2022-12-18
hamidi,0_87317_26_635730781888948,from 2022-12-12 to 2022-12-18
18,0_87317_26_635730781888948,from 2022-12-12 to 2022-12-18
disember,0_87317_26_635730781888948,from 2022-12-12 to 2022-12-18
2022,0_87317_26_635730781888948,from 2022-12-12 to 2022-12-18
6:54,0_87317_26_635730781888948,from 2022-12-12 to 2022-12-18
pm,0_87317_26_635730781888948,from 2022-12-12 to 2022-12-18
kepala,0_87317_16_1f1523e55f73462b955bba10b2e80f4a,from 2022-12-12 to 2022-12-18
bpip,0_87317_16_1f1523e55f73462b955bba10b2e80f4a,from 2022-12-12 to 2022-12-18
yudian,0_87317_16_1f1523e55f73462b955bba10b2e80f4a,from 2022-12-12 to 2022-12-18
wahyudi,0_87317_16_1f1523e55f73462b955bba10b2e80f4a,from 2022-12-12 to 2022-12-18
meneguhkan,0_87317_16_1f1523e55f73462b955bba10b2e80f4a,from 2022-12-12 to 2022-12-18
peran,0_87317_16_1f1523e55f73462b955bba10b2e80f4a,from 2022-12-12 to 2022-12-18
tni,0_87317_16_1f1523e55f73462b955bba10b2e80f4a,from 2022-12-12 to 2022-12-18
dalam,0_87317_16_1f1523e55f73462b955bba10b2e80f4a,from 2022-12-12 to 2022-12-18
menjaga,0_87317_16_1f1523e55f73462b955bba10b2e80f4a,from 2022-12-12 to 2022-12-18
daerah,0_87317_16_1f1523e55f73462b955bba10b2e80f4a,from 2022-12-12 to 2022-12-18
3t,0_87317_16_1f1523e55f73462b955bba10b2e80f4a,from 2022-12-12 to 2022-12-18
htc,0_87317_16_1cef5bf348ed82ece684f9444b964ca1,from 2022-12-12 to 2022-12-18
launch,0_87317_16_1cef5bf348ed82ece684f9444b964ca1,from 2022-12-12 to 2022-12-18
new,0_87317_16_1cef5bf348ed82ece684f9444b964ca1,from 2022-12-12 to 2022-12-18
flagship,0_87317_16_1cef5bf348ed82ece684f9444b964ca1,from 2022-12-12 to 2022-12-18
ar/vr,0_87317_16_1cef5bf348ed82ece684f9444b964ca1,from 2022-12-12 to 2022-12-18
headset,0_87317_16_1cef5bf348ed82ece684f9444b964ca1,from 2022-12-12 to 2022-12-18
2023,0_87317_16_1cef5bf348ed82ece684f9444b964ca1,from 2022-12-12 to 2022-12-18
technave,0_87317_16_1cef5bf348ed82ece684f9444b964ca1,from 2022-12-12 to 2022-12-18
germany,0_87317_126_t1_j0padk8,from 2022-12-12 to 2022-12-18
ups,0_87317_126_t1_j0padk8,from 2022-12-12 to 2022-12-18
reliance,0_87317_126_t1_j0padk8,from 2022-12-12 to 2022-12-18
huawei,0_87317_126_t1_j0padk8,from 2022-12-12 to 2022-12-18
5g,0_87317_126_t1_j0padk8,from 2022-12-12 to 2022-12-18
despite,0_87317_126_t1_j0padk8,from 2022-12-12 to 2022-12-18
security,0_87317_126_t1_j0padk8,from 2022-12-12 to 2022-12-18
fears,0_87317_126_t1_j0padk8,from 2022-12-12 to 2022-12-18
survey,0_87317_126_t1_j0padk8,from 2022-12-12 to 2022-12-18
philippines,0_87317_126_t1_j0p9jub,from 2022-12-12 to 2022-12-18
tank,0_87317_126_t1_j0p9jub,from 2022-12-12 to 2022-12-18
decades,0_87317_126_t1_j0p9jub,from 2022-12-12 to 2022-12-18
use,0_87317_126_t1_j0p9jub,from 2022-12-12 to 2022-12-18
non-credible,0_87317_126_t1_j0p9jub,from 2022-12-12 to 2022-12-18
answers,0_87317_126_t1_j0p9jub,from 2022-12-12 to 2022-12-18
budak,0_87317_16_7ceb7717f726df38498385978eac0e9e,from 2022-12-12 to 2022-12-18
perempuan,0_87317_16_7ceb7717f726df38498385978eac0e9e,from 2022-12-12 to 2022-12-18
jadi,0_87317_16_7ceb7717f726df38498385978eac0e9e,from 2022-12-12 to 2022-12-18
korban,0_87317_16_7ceb7717f726df38498385978eac0e9e,from 2022-12-12 to 2022-12-18
pertama,0_87317_16_7ceb7717f726df38498385978eac0e9e,from 2022-12-12 to 2022-12-18
banjir,0_87317_16_7ceb7717f726df38498385978eac0e9e,from 2022-12-12 to 2022-12-18
terengganu,0_87317_16_7ceb7717f726df38498385978eac0e9e,from 2022-12-12 to 2022-12-18
banjir,0_87317_16_3c9a8ba7edc87b778d17cb0cf333ebc7,from 2022-12-12 to 2022-12-18
pantai,0_87317_16_3c9a8ba7edc87b778d17cb0cf333ebc7,from 2022-12-12 to 2022-12-18
timur,0_87317_16_3c9a8ba7edc87b778d17cb0cf333ebc7,from 2022-12-12 to 2022-12-18
semakin,0_87317_16_3c9a8ba7edc87b778d17cb0cf333ebc7,from 2022-12-12 to 2022-12-18
buruk,0_87317_16_3c9a8ba7edc87b778d17cb0cf333ebc7,from 2022-12-12 to 2022-12-18
mangsa,0_87317_16_3c9a8ba7edc87b778d17cb0cf333ebc7,from 2022-12-12 to 2022-12-18
pps,0_87317_16_3c9a8ba7edc87b778d17cb0cf333ebc7,from 2022-12-12 to 2022-12-18
meningkat,0_87317_16_3c9a8ba7edc87b778d17cb0cf333ebc7,from 2022-12-12 to 2022-12-18
banjir,0_87317_16_6a0234a2ac0e781b6f7589766bd4b003,from 2022-12-12 to 2022-12-18
77,0_87317_16_6a0234a2ac0e781b6f7589766bd4b003,from 2022-12-12 to 2022-12-18
pps,0_87317_16_6a0234a2ac0e781b6f7589766bd4b003,from 2022-12-12 to 2022-12-18
lima,0_87317_16_6a0234a2ac0e781b6f7589766bd4b003,from 2022-12-12 to 2022-12-18
negeri,0_87317_16_6a0234a2ac0e781b6f7589766bd4b003,from 2022-12-12 to 2022-12-18
jadi,0_87317_16_6a0234a2ac0e781b6f7589766bd4b003,from 2022-12-12 to 2022-12-18
tempat,0_87317_16_6a0234a2ac0e781b6f7589766bd4b003,from 2022-12-12 to 2022-12-18
berlindung,0_87317_16_6a0234a2ac0e781b6f7589766bd4b003,from 2022-12-12 to 2022-12-18
"5,385",0_87317_16_6a0234a2ac0e781b6f7589766bd4b003,from 2022-12-12 to 2022-12-18
penduduk,0_87317_16_6a0234a2ac0e781b6f7589766bd4b003,from 2022-12-12 to 2022-12-18
psylocke,0_87317_126_t1_j0p5rva,from 2022-12-12 to 2022-12-18
gave,0_87317_126_t1_j0p5rva,from 2022-12-12 to 2022-12-18
thunderbird,0_87317_126_t1_j0p5rva,from 2022-12-12 to 2022-12-18
christmas,0_87317_126_t1_j0p5rva,from 2022-12-12 to 2022-12-18
x-men,0_87317_126_t1_j0p5rva,from 2022-12-12 to 2022-12-18
bts,0_87317_16_aa46e641a3165f8e5542724a900861aa,from 2022-12-12 to 2022-12-18
fans,0_87317_16_aa46e641a3165f8e5542724a900861aa,from 2022-12-12 to 2022-12-18
flood,0_87317_16_aa46e641a3165f8e5542724a900861aa,from 2022-12-12 to 2022-12-18
military,0_87317_16_aa46e641a3165f8e5542724a900861aa,from 2022-12-12 to 2022-12-18
communities,0_87317_16_aa46e641a3165f8e5542724a900861aa,from 2022-12-12 to 2022-12-18
worry,0_87317_16_aa46e641a3165f8e5542724a900861aa,from 2022-12-12 to 2022-12-18
enlisted,0_87317_16_aa46e641a3165f8e5542724a900861aa,from 2022-12-12 to 2022-12-18
member,0_87317_16_aa46e641a3165f8e5542724a900861aa,from 2022-12-12 to 2022-12-18
jin,0_87317_16_aa46e641a3165f8e5542724a900861aa,from 2022-12-12 to 2022-12-18
hours,0_87317_126_t1_j0p4ndl,from 2022-12-12 to 2022-12-18
ago,0_87317_126_t1_j0p4ndl,from 2022-12-12 to 2022-12-18
ufo,0_87317_126_t1_j0p4ndl,from 2022-12-12 to 2022-12-18
spotted,0_87317_126_t1_j0p4ndl,from 2022-12-12 to 2022-12-18
pangasinan,0_87317_126_t1_j0p4ndl,from 2022-12-12 to 2022-12-18
philippines,0_87317_126_t1_j0p4ndl,from 2022-12-12 to 2022-12-18
multiple,0_87317_126_t1_j0p4ndl,from 2022-12-12 to 2022-12-18
different,0_87317_126_t1_j0p4ndl,from 2022-12-12 to 2022-12-18
people,0_87317_126_t1_j0p4ndl,from 2022-12-12 to 2022-12-18
multiple,0_87317_126_t1_j0p4ndl,from 2022-12-12 to 2022-12-18
different,0_87317_126_t1_j0p4ndl,from 2022-12-12 to 2022-12-18
angles,0_87317_126_t1_j0p4ndl,from 2022-12-12 to 2022-12-18
clear,0_87317_126_t1_j0p4ndl,from 2022-12-12 to 2022-12-18
images,0_87317_126_t1_j0p4ndl,from 2022-12-12 to 2022-12-18
comments,0_87317_126_t1_j0p4ndl,from 2022-12-12 to 2022-12-18
kepala,0_87317_16_0a0370bd18afea34747a232e7a59f04d,from 2022-12-12 to 2022-12-18
bpip,0_87317_16_0a0370bd18afea34747a232e7a59f04d,from 2022-12-12 to 2022-12-18
yudian,0_87317_16_0a0370bd18afea34747a232e7a59f04d,from 2022-12-12 to 2022-12-18
wahyudi,0_87317_16_0a0370bd18afea34747a232e7a59f04d,from 2022-12-12 to 2022-12-18
meneguhkan,0_87317_16_0a0370bd18afea34747a232e7a59f04d,from 2022-12-12 to 2022-12-18
peran,0_87317_16_0a0370bd18afea34747a232e7a59f04d,from 2022-12-12 to 2022-12-18
tni,0_87317_16_0a0370bd18afea34747a232e7a59f04d,from 2022-12-12 to 2022-12-18
dalam,0_87317_16_0a0370bd18afea34747a232e7a59f04d,from 2022-12-12 to 2022-12-18
menjaga,0_87317_16_0a0370bd18afea34747a232e7a59f04d,from 2022-12-12 to 2022-12-18
daerah,0_87317_16_0a0370bd18afea34747a232e7a59f04d,from 2022-12-12 to 2022-12-18
3t,0_87317_16_0a0370bd18afea34747a232e7a59f04d,from 2022-12-12 to 2022-12-18
country,0_87317_126_t1_j0p2np1,from 2022-12-12 to 2022-12-18
built,0_87317_126_t1_j0p2np1,from 2022-12-12 to 2022-12-18
fit,0_87317_126_t1_j0p2np1,from 2022-12-12 to 2022-12-18
sized,0_87317_126_t1_j0p2np1,from 2022-12-12 to 2022-12-18
american,0_87317_126_t1_j0p2np1,from 2022-12-12 to 2022-12-18
cars,0_87317_126_t1_j0p2np1,from 2022-12-12 to 2022-12-18
bawah,0_87317_16_e4ffdce5041b163ae3fe8d137cceedd6,from 2022-12-12 to 2022-12-18
militer,0_87317_16_e4ffdce5041b163ae3fe8d137cceedd6,from 2022-12-12 to 2022-12-18
myanmar,0_87317_16_e4ffdce5041b163ae3fe8d137cceedd6,from 2022-12-12 to 2022-12-18
masuk,0_87317_16_e4ffdce5041b163ae3fe8d137cceedd6,from 2022-12-12 to 2022-12-18
jebakan,0_87317_16_e4ffdce5041b163ae3fe8d137cceedd6,from 2022-12-12 to 2022-12-18
utang,0_87317_16_e4ffdce5041b163ae3fe8d137cceedd6,from 2022-12-12 to 2022-12-18
china,0_87317_16_e4ffdce5041b163ae3fe8d137cceedd6,from 2022-12-12 to 2022-12-18
berdasarkan,0_87317_26_2934261010203697,from 2022-12-12 to 2022-12-18
analisis,0_87317_26_2934261010203697,from 2022-12-12 to 2022-12-18
model-model,0_87317_26_2934261010203697,from 2022-12-12 to 2022-12-18
cuaca,0_87317_26_2934261010203697,from 2022-12-12 to 2022-12-18
luruan,0_87317_26_2934261010203697,from 2022-12-12 to 2022-12-18
monsun,0_87317_26_2934261010203697,from 2022-12-12 to 2022-12-18
yang,0_87317_26_2934261010203697,from 2022-12-12 to 2022-12-18
sedang,0_87317_26_2934261010203697,from 2022-12-12 to 2022-12-18
berlaku,0_87317_26_2934261010203697,from 2022-12-12 to 2022-12-18
rantau,0_87317_26_2934261010203697,from 2022-12-12 to 2022-12-18
negara,0_87317_26_2934261010203697,from 2022-12-12 to 2022-12-18
dijangka,0_87317_26_2934261010203697,from 2022-12-12 to 2022-12-18
sehingga,0_87317_26_2934261010203697,from 2022-12-12 to 2022-12-18
24,0_87317_26_2934261010203697,from 2022-12-12 to 2022-12-18
disember,0_87317_26_2934261010203697,from 2022-12-12 to 2022-12-18
2022,0_87317_26_2934261010203697,from 2022-12-12 to 2022-12-18
yang,0_87317_26_2934261010203697,from 2022-12-12 to 2022-12-18
berpotensi,0_87317_26_2934261010203697,from 2022-12-12 to 2022-12-18
membawa,0_87317_26_2934261010203697,from 2022-12-12 to 2022-12-18
angin,0_87317_26_2934261010203697,from 2022-12-12 to 2022-12-18
kencang,0_87317_26_2934261010203697,from 2022-12-12 to 2022-12-18
ombak,0_87317_26_2934261010203697,from 2022-12-12 to 2022-12-18
besar,0_87317_26_2934261010203697,from 2022-12-12 to 2022-12-18
serta,0_87317_26_2934261010203697,from 2022-12-12 to 2022-12-18
hujan,0_87317_26_2934261010203697,from 2022-12-12 to 2022-12-18
berterusan,0_87317_26_2934261010203697,from 2022-12-12 to 2022-12-18
negeri-negeri,0_87317_26_2934261010203697,from 2022-12-12 to 2022-12-18
utara,0_87317_26_2934261010203697,from 2022-12-12 to 2022-12-18
timur,0_87317_26_2934261010203697,from 2022-12-12 to 2022-12-18
semenanjung,0_87317_26_2934261010203697,from 2022-12-12 to 2022-12-18
timur,0_87317_26_2934261010203697,from 2022-12-12 to 2022-12-18
sabah,0_87317_26_2934261010203697,from 2022-12-12 to 2022-12-18
serta,0_87317_26_2934261010203697,from 2022-12-12 to 2022-12-18
angin,0_87317_26_2934261010203697,from 2022-12-12 to 2022-12-18
kencang,0_87317_26_2934261010203697,from 2022-12-12 to 2022-12-18
ombak,0_87317_26_2934261010203697,from 2022-12-12 to 2022-12-18
besar,0_87317_26_2934261010203697,from 2022-12-12 to 2022-12-18
perairan,0_87317_26_2934261010203697,from 2022-12-12 to 2022-12-18
laut,0_87317_26_2934261010203697,from 2022-12-12 to 2022-12-18
china,0_87317_26_2934261010203697,from 2022-12-12 to 2022-12-18
selatan,0_87317_26_2934261010203697,from 2022-12-12 to 2022-12-18
justeru,0_87317_26_2934261010203697,from 2022-12-12 to 2022-12-18
itu,0_87317_26_2934261010203697,from 2022-12-12 to 2022-12-18
metmalaysia,0_87317_26_2934261010203697,from 2022-12-12 to 2022-12-18
mengeluarkan,0_87317_26_2934261010203697,from 2022-12-12 to 2022-12-18
amaran,0_87317_26_2934261010203697,from 2022-12-12 to 2022-12-18
hujan,0_87317_26_2934261010203697,from 2022-12-12 to 2022-12-18
berterusan,0_87317_26_2934261010203697,from 2022-12-12 to 2022-12-18
yang,0_87317_26_2934261010203697,from 2022-12-12 to 2022-12-18
melibatkan,0_87317_26_2934261010203697,from 2022-12-12 to 2022-12-18
negeri,0_87317_26_2934261010203697,from 2022-12-12 to 2022-12-18
perlis,0_87317_26_2934261010203697,from 2022-12-12 to 2022-12-18
kedah,0_87317_26_2934261010203697,from 2022-12-12 to 2022-12-18
pulau,0_87317_26_2934261010203697,from 2022-12-12 to 2022-12-18
pinang,0_87317_26_2934261010203697,from 2022-12-12 to 2022-12-18
perak,0_87317_26_2934261010203697,from 2022-12-12 to 2022-12-18
kelantan,0_87317_26_2934261010203697,from 2022-12-12 to 2022-12-18
terengganu,0_87317_26_2934261010203697,from 2022-12-12 to 2022-12-18
pahang,0_87317_26_2934261010203697,from 2022-12-12 to 2022-12-18
johor,0_87317_26_2934261010203697,from 2022-12-12 to 2022-12-18
berkuat,0_87317_26_2934261010203697,from 2022-12-12 to 2022-12-18
kuasa,0_87317_26_2934261010203697,from 2022-12-12 to 2022-12-18
sehingga,0_87317_26_2934261010203697,from 2022-12-12 to 2022-12-18
21,0_87317_26_2934261010203697,from 2022-12-12 to 2022-12-18
disember,0_87317_26_2934261010203697,from 2022-12-12 to 2022-12-18
2022,0_87317_26_2934261010203697,from 2022-12-12 to 2022-12-18
berikut,0_87317_26_2934261010203697,from 2022-12-12 to 2022-12-18
merupkan,0_87317_26_2934261010203697,from 2022-12-12 to 2022-12-18
tips,0_87317_26_2934261010203697,from 2022-12-12 to 2022-12-18
persiapan,0_87317_26_2934261010203697,from 2022-12-12 to 2022-12-18
menghadapi,0_87317_26_2934261010203697,from 2022-12-12 to 2022-12-18
bencana,0_87317_26_2934261010203697,from 2022-12-12 to 2022-12-18
banjir,0_87317_26_2934261010203697,from 2022-12-12 to 2022-12-18
semoga,0_87317_26_2934261010203697,from 2022-12-12 to 2022-12-18
bermanfaat,0_87317_26_2934261010203697,from 2022-12-12 to 2022-12-18
allah,0_87317_26_2934261010203697,from 2022-12-12 to 2022-12-18
peliharakan,0_87317_26_2934261010203697,from 2022-12-12 to 2022-12-18
sultan,0_87317_26_2934261010203697,from 2022-12-12 to 2022-12-18
allah,0_87317_26_2934261010203697,from 2022-12-12 to 2022-12-18
berkati,0_87317_26_2934261010203697,from 2022-12-12 to 2022-12-18
johor,0_87317_26_2934261010203697,from 2022-12-12 to 2022-12-18
china,0_87317_126_t1_j0oyvuz,from 2022-12-12 to 2022-12-18
retaliate,0_87317_126_t1_j0oyvuz,from 2022-12-12 to 2022-12-18
sanctions,0_87317_126_t1_j0oyvuz,from 2022-12-12 to 2022-12-18
imposed,0_87317_126_t1_j0oyvuz,from 2022-12-12 to 2022-12-18
alleged,0_87317_126_t1_j0oyvuz,from 2022-12-12 to 2022-12-18
invasion,0_87317_126_t1_j0oyvuz,from 2022-12-12 to 2022-12-18
taiwan,0_87317_126_t1_j0oyvuz,from 2022-12-12 to 2022-12-18
sabah's,0_87317_16_fb3ce6668cc3f835f5e07d95aa88abee,from 2022-12-12 to 2022-12-18
2023,0_87317_16_fb3ce6668cc3f835f5e07d95aa88abee,from 2022-12-12 to 2022-12-18
new,0_87317_16_fb3ce6668cc3f835f5e07d95aa88abee,from 2022-12-12 to 2022-12-18
ocean,0_87317_16_fb3ce6668cc3f835f5e07d95aa88abee,from 2022-12-12 to 2022-12-18
golf,0_87317_16_fb3ce6668cc3f835f5e07d95aa88abee,from 2022-12-12 to 2022-12-18
experience,0_87317_16_fb3ce6668cc3f835f5e07d95aa88abee,from 2022-12-12 to 2022-12-18
tourism,0_87317_16_fb3ce6668cc3f835f5e07d95aa88abee,from 2022-12-12 to 2022-12-18
ramalan,0_87317_26_2435120416640911,from 2022-12-12 to 2022-12-18
cuaca,0_87317_26_2435120416640911,from 2022-12-12 to 2022-12-18
signifikan,0_87317_26_2435120416640911,from 2022-12-12 to 2022-12-18
berdasarkan,0_87317_26_2435120416640911,from 2022-12-12 to 2022-12-18
analisis,0_87317_26_2435120416640911,from 2022-12-12 to 2022-12-18
model-model,0_87317_26_2435120416640911,from 2022-12-12 to 2022-12-18
cuaca,0_87317_26_2435120416640911,from 2022-12-12 to 2022-12-18
luruan,0_87317_26_2435120416640911,from 2022-12-12 to 2022-12-18
monsun,0_87317_26_2435120416640911,from 2022-12-12 to 2022-12-18
yang,0_87317_26_2435120416640911,from 2022-12-12 to 2022-12-18
sedang,0_87317_26_2435120416640911,from 2022-12-12 to 2022-12-18
berlaku,0_87317_26_2435120416640911,from 2022-12-12 to 2022-12-18
rantau,0_87317_26_2435120416640911,from 2022-12-12 to 2022-12-18
negara,0_87317_26_2435120416640911,from 2022-12-12 to 2022-12-18
dijangka,0_87317_26_2435120416640911,from 2022-12-12 to 2022-12-18
sehingga,0_87317_26_2435120416640911,from 2022-12-12 to 2022-12-18
24,0_87317_26_2435120416640911,from 2022-12-12 to 2022-12-18
disember,0_87317_26_2435120416640911,from 2022-12-12 to 2022-12-18
2022,0_87317_26_2435120416640911,from 2022-12-12 to 2022-12-18
yang,0_87317_26_2435120416640911,from 2022-12-12 to 2022-12-18
berpotensi,0_87317_26_2435120416640911,from 2022-12-12 to 2022-12-18
membawa,0_87317_26_2435120416640911,from 2022-12-12 to 2022-12-18
angin,0_87317_26_2435120416640911,from 2022-12-12 to 2022-12-18
kencang,0_87317_26_2435120416640911,from 2022-12-12 to 2022-12-18
ombak,0_87317_26_2435120416640911,from 2022-12-12 to 2022-12-18
besar,0_87317_26_2435120416640911,from 2022-12-12 to 2022-12-18
serta,0_87317_26_2435120416640911,from 2022-12-12 to 2022-12-18
hujan,0_87317_26_2435120416640911,from 2022-12-12 to 2022-12-18
berterusan,0_87317_26_2435120416640911,from 2022-12-12 to 2022-12-18
dinegeri-negeri,0_87317_26_2435120416640911,from 2022-12-12 to 2022-12-18
utara,0_87317_26_2435120416640911,from 2022-12-12 to 2022-12-18
timur,0_87317_26_2435120416640911,from 2022-12-12 to 2022-12-18
semenanjung,0_87317_26_2435120416640911,from 2022-12-12 to 2022-12-18
timur,0_87317_26_2435120416640911,from 2022-12-12 to 2022-12-18
sabah,0_87317_26_2435120416640911,from 2022-12-12 to 2022-12-18
serta,0_87317_26_2435120416640911,from 2022-12-12 to 2022-12-18
angin,0_87317_26_2435120416640911,from 2022-12-12 to 2022-12-18
kencang,0_87317_26_2435120416640911,from 2022-12-12 to 2022-12-18
ombak,0_87317_26_2435120416640911,from 2022-12-12 to 2022-12-18
besar,0_87317_26_2435120416640911,from 2022-12-12 to 2022-12-18
perairan,0_87317_26_2435120416640911,from 2022-12-12 to 2022-12-18
laut,0_87317_26_2435120416640911,from 2022-12-12 to 2022-12-18
china,0_87317_26_2435120416640911,from 2022-12-12 to 2022-12-18
selatan,0_87317_26_2435120416640911,from 2022-12-12 to 2022-12-18
justeru,0_87317_26_2435120416640911,from 2022-12-12 to 2022-12-18
itu,0_87317_26_2435120416640911,from 2022-12-12 to 2022-12-18
malaysia,0_87317_26_2435120416640911,from 2022-12-12 to 2022-12-18
mengeluarkan,0_87317_26_2435120416640911,from 2022-12-12 to 2022-12-18
amaran,0_87317_26_2435120416640911,from 2022-12-12 to 2022-12-18
hujan,0_87317_26_2435120416640911,from 2022-12-12 to 2022-12-18
berterusan,0_87317_26_2435120416640911,from 2022-12-12 to 2022-12-18
yang,0_87317_26_2435120416640911,from 2022-12-12 to 2022-12-18
melibatkan,0_87317_26_2435120416640911,from 2022-12-12 to 2022-12-18
negeri,0_87317_26_2435120416640911,from 2022-12-12 to 2022-12-18
perlis,0_87317_26_2435120416640911,from 2022-12-12 to 2022-12-18
kedah,0_87317_26_2435120416640911,from 2022-12-12 to 2022-12-18
pulau,0_87317_26_2435120416640911,from 2022-12-12 to 2022-12-18
pinang,0_87317_26_2435120416640911,from 2022-12-12 to 2022-12-18
perak,0_87317_26_2435120416640911,from 2022-12-12 to 2022-12-18
kelantan,0_87317_26_2435120416640911,from 2022-12-12 to 2022-12-18
terengganu,0_87317_26_2435120416640911,from 2022-12-12 to 2022-12-18
pahang,0_87317_26_2435120416640911,from 2022-12-12 to 2022-12-18
johor,0_87317_26_2435120416640911,from 2022-12-12 to 2022-12-18
berkuat,0_87317_26_2435120416640911,from 2022-12-12 to 2022-12-18
kuasa,0_87317_26_2435120416640911,from 2022-12-12 to 2022-12-18
sehingga,0_87317_26_2435120416640911,from 2022-12-12 to 2022-12-18
21,0_87317_26_2435120416640911,from 2022-12-12 to 2022-12-18
disember,0_87317_26_2435120416640911,from 2022-12-12 to 2022-12-18
2022,0_87317_26_2435120416640911,from 2022-12-12 to 2022-12-18
amaran,0_87317_26_2435120416640911,from 2022-12-12 to 2022-12-18
angin,0_87317_26_2435120416640911,from 2022-12-12 to 2022-12-18
kencang,0_87317_26_2435120416640911,from 2022-12-12 to 2022-12-18
laut,0_87317_26_2435120416640911,from 2022-12-12 to 2022-12-18
bergelora,0_87317_26_2435120416640911,from 2022-12-12 to 2022-12-18
bagi,0_87317_26_2435120416640911,from 2022-12-12 to 2022-12-18
perairan,0_87317_26_2435120416640911,from 2022-12-12 to 2022-12-18
laut,0_87317_26_2435120416640911,from 2022-12-12 to 2022-12-18
china,0_87317_26_2435120416640911,from 2022-12-12 to 2022-12-18
selatan,0_87317_26_2435120416640911,from 2022-12-12 to 2022-12-18
sedang,0_87317_26_2435120416640911,from 2022-12-12 to 2022-12-18
berkuatkuasa,0_87317_26_2435120416640911,from 2022-12-12 to 2022-12-18
sehingga,0_87317_26_2435120416640911,from 2022-12-12 to 2022-12-18
22,0_87317_26_2435120416640911,from 2022-12-12 to 2022-12-18
disember,0_87317_26_2435120416640911,from 2022-12-12 to 2022-12-18
2022,0_87317_26_2435120416640911,from 2022-12-12 to 2022-12-18
orang,0_87317_26_2435120416640911,from 2022-12-12 to 2022-12-18
awam,0_87317_26_2435120416640911,from 2022-12-12 to 2022-12-18
adalah,0_87317_26_2435120416640911,from 2022-12-12 to 2022-12-18
dinasihatkan,0_87317_26_2435120416640911,from 2022-12-12 to 2022-12-18
untuk,0_87317_26_2435120416640911,from 2022-12-12 to 2022-12-18
sentiasa,0_87317_26_2435120416640911,from 2022-12-12 to 2022-12-18
merujuk,0_87317_26_2435120416640911,from 2022-12-12 to 2022-12-18
laman,0_87317_26_2435120416640911,from 2022-12-12 to 2022-12-18
web,0_87317_26_2435120416640911,from 2022-12-12 to 2022-12-18
www.met.gov.my,0_87317_26_2435120416640911,from 2022-12-12 to 2022-12-18
semua,0_87317_26_2435120416640911,from 2022-12-12 to 2022-12-18
media,0_87317_26_2435120416640911,from 2022-12-12 to 2022-12-18
sosial,0_87317_26_2435120416640911,from 2022-12-12 to 2022-12-18
serta,0_87317_26_2435120416640911,from 2022-12-12 to 2022-12-18
memuat,0_87317_26_2435120416640911,from 2022-12-12 to 2022-12-18
turun,0_87317_26_2435120416640911,from 2022-12-12 to 2022-12-18
aplikasi,0_87317_26_2435120416640911,from 2022-12-12 to 2022-12-18
mycuaca,0_87317_26_2435120416640911,from 2022-12-12 to 2022-12-18
bagi,0_87317_26_2435120416640911,from 2022-12-12 to 2022-12-18
maklumat,0_87317_26_2435120416640911,from 2022-12-12 to 2022-12-18
yang,0_87317_26_2435120416640911,from 2022-12-12 to 2022-12-18
terkini,0_87317_26_2435120416640911,from 2022-12-12 to 2022-12-18
sahih,0_87317_26_2435120416640911,from 2022-12-12 to 2022-12-18
ketua,0_87317_26_2435120416640911,from 2022-12-12 to 2022-12-18
pengarah,0_87317_26_2435120416640911,from 2022-12-12 to 2022-12-18
jabatan,0_87317_26_2435120416640911,from 2022-12-12 to 2022-12-18
meteorologi,0_87317_26_2435120416640911,from 2022-12-12 to 2022-12-18
malaysia,0_87317_26_2435120416640911,from 2022-12-12 to 2022-12-18
malaysia,0_87317_26_2435120416640911,from 2022-12-12 to 2022-12-18
masa,0_87317_26_2435120416640911,from 2022-12-12 to 2022-12-18
dikeluarkan,0_87317_26_2435120416640911,from 2022-12-12 to 2022-12-18
2:30,0_87317_26_2435120416640911,from 2022-12-12 to 2022-12-18
petang,0_87317_26_2435120416640911,from 2022-12-12 to 2022-12-18
tarikh:18,0_87317_26_2435120416640911,from 2022-12-12 to 2022-12-18
disember,0_87317_26_2435120416640911,from 2022-12-12 to 2022-12-18
2022,0_87317_26_2435120416640911,from 2022-12-12 to 2022-12-18
shangri-la,0_87317_26_1837605536573450,from 2022-12-12 to 2022-12-18
rasa,0_87317_26_1837605536573450,from 2022-12-12 to 2022-12-18
ria's,0_87317_26_1837605536573450,from 2022-12-12 to 2022-12-18
ocean,0_87317_26_1837605536573450,from 2022-12-12 to 2022-12-18
golf,0_87317_26_1837605536573450,from 2022-12-12 to 2022-12-18
experience,0_87317_26_1837605536573450,from 2022-12-12 to 2022-12-18
tourism,0_87317_26_1837605536573450,from 2022-12-12 to 2022-12-18
launched,0_87317_26_1837605536573450,from 2022-12-12 to 2022-12-18
deputy,0_87317_26_1837605536573450,from 2022-12-12 to 2022-12-18
chief,0_87317_26_1837605536573450,from 2022-12-12 to 2022-12-18
minister,0_87317_26_1837605536573450,from 2022-12-12 to 2022-12-18
ministry,0_87317_26_1837605536573450,from 2022-12-12 to 2022-12-18
industrial,0_87317_26_1837605536573450,from 2022-12-12 to 2022-12-18
development,0_87317_26_1837605536573450,from 2022-12-12 to 2022-12-18
datuk,0_87317_26_1837605536573450,from 2022-12-12 to 2022-12-18
joachim,0_87317_26_1837605536573450,from 2022-12-12 to 2022-12-18
gunsalam,0_87317_26_1837605536573450,from 2022-12-12 to 2022-12-18
dec,0_87317_26_1837605536573450,from 2022-12-12 to 2022-12-18
16,0_87317_26_1837605536573450,from 2022-12-12 to 2022-12-18
resort's,0_87317_26_1837605536573450,from 2022-12-12 to 2022-12-18
beach,0_87317_26_1837605536573450,from 2022-12-12 to 2022-12-18
participation,0_87317_26_1837605536573450,from 2022-12-12 to 2022-12-18
local,0_87317_26_1837605536573450,from 2022-12-12 to 2022-12-18
korean,0_87317_26_1837605536573450,from 2022-12-12 to 2022-12-18
golfers,0_87317_26_1837605536573450,from 2022-12-12 to 2022-12-18
teeing,0_87317_26_1837605536573450,from 2022-12-12 to 2022-12-18
biodegradable,0_87317_26_1837605536573450,from 2022-12-12 to 2022-12-18
fish,0_87317_26_1837605536573450,from 2022-12-12 to 2022-12-18
food,0_87317_26_1837605536573450,from 2022-12-12 to 2022-12-18
golf,0_87317_26_1837605536573450,from 2022-12-12 to 2022-12-18
balls,0_87317_26_1837605536573450,from 2022-12-12 to 2022-12-18
south,0_87317_26_1837605536573450,from 2022-12-12 to 2022-12-18
china,0_87317_26_1837605536573450,from 2022-12-12 to 2022-12-18
http:www.dailyexpress.com.mynews204611sabah-s-2023-new-ocean-golf-experience-tourism,0_87317_26_1837605536573450,from 2022-12-12 to 2022-12-18
waspada,0_87317_16_233eae9d8a05bee6b2f1d98ad17649b2,from 2022-12-12 to 2022-12-18
gelombang,0_87317_16_233eae9d8a05bee6b2f1d98ad17649b2,from 2022-12-12 to 2022-12-18
tinggi,0_87317_16_233eae9d8a05bee6b2f1d98ad17649b2,from 2022-12-12 to 2022-12-18
meter,0_87317_16_233eae9d8a05bee6b2f1d98ad17649b2,from 2022-12-12 to 2022-12-18
perairan,0_87317_16_233eae9d8a05bee6b2f1d98ad17649b2,from 2022-12-12 to 2022-12-18
natuna,0_87317_16_233eae9d8a05bee6b2f1d98ad17649b2,from 2022-12-12 to 2022-12-18
nelayan,0_87317_16_2c07303c2d0be1b7be07b5281b19d866,from 2022-12-12 to 2022-12-18
jangan,0_87317_16_2c07303c2d0be1b7be07b5281b19d866,from 2022-12-12 to 2022-12-18
melaut,0_87317_16_2c07303c2d0be1b7be07b5281b19d866,from 2022-12-12 to 2022-12-18
bmkg,0_87317_16_2c07303c2d0be1b7be07b5281b19d866,from 2022-12-12 to 2022-12-18
waspada,0_87317_16_2c07303c2d0be1b7be07b5281b19d866,from 2022-12-12 to 2022-12-18
gelombang,0_87317_16_2c07303c2d0be1b7be07b5281b19d866,from 2022-12-12 to 2022-12-18
tinggi,0_87317_16_2c07303c2d0be1b7be07b5281b19d866,from 2022-12-12 to 2022-12-18
hingga,0_87317_16_2c07303c2d0be1b7be07b5281b19d866,from 2022-12-12 to 2022-12-18
enam,0_87317_16_2c07303c2d0be1b7be07b5281b19d866,from 2022-12-12 to 2022-12-18
meter,0_87317_16_2c07303c2d0be1b7be07b5281b19d866,from 2022-12-12 to 2022-12-18
